{
    "embedding_param_ranges": {
        "model_type": [
            "FastText",
            "Word2Vec"
        ],
        "vector_size": [
            50,
            100,
            200,
            300
        ],
        "window": [
            3,
            5,
            7
        ],
        "min_count": [
            1,
            3,
            5
        ]
    },
    "svm_param_ranges": {
        "C": [
            1,
            10,
            100
        ],
        "gamma": [
            "auto",
            "scale"
        ],
        "kernel": [
            "linear",
            "rbf"
        ]
    },
    "best_word2vec": {
        "embedding_params": {
            "model_type": "Word2Vec",
            "vector_size": 100,
            "window": 7,
            "min_count": 1
        },
        "svm_params": {
            "C": 10,
            "gamma": "scale",
            "kernel": "linear"
        },
        "classification_report": {
            "angry": {
                "precision": 0.5922330097087378,
                "recall": 0.6288659793814433,
                "f1-score": 0.61,
                "support": 97.0
            },
            "happy": {
                "precision": 0.6068376068376068,
                "recall": 0.6761904761904762,
                "f1-score": 0.6396396396396397,
                "support": 105.0
            },
            "relaxed": {
                "precision": 0.640625,
                "recall": 0.422680412371134,
                "f1-score": 0.5093167701863354,
                "support": 97.0
            },
            "sad": {
                "precision": 0.5648148148148148,
                "recall": 0.6559139784946236,
                "f1-score": 0.6069651741293532,
                "support": 93.0
            },
            "accuracy": 0.5969387755102041,
            "macro avg": {
                "precision": 0.6011276078402898,
                "recall": 0.5959127116094193,
                "f1-score": 0.5914803959888321,
                "support": 392.0
            },
            "weighted avg": {
                "precision": 0.6016146771364134,
                "recall": 0.5969387755102041,
                "f1-score": 0.592305229755782,
                "support": 392.0
            }
        }
    },
    "best_fasttext": {
        "embedding_params": {
            "model_type": "FastText",
            "vector_size": 200,
            "window": 7,
            "min_count": 3
        },
        "svm_params": {
            "C": 100,
            "gamma": "scale",
            "kernel": "linear"
        },
        "classification_report": {
            "angry": {
                "precision": 0.6464646464646465,
                "recall": 0.6597938144329897,
                "f1-score": 0.6530612244897959,
                "support": 97.0
            },
            "happy": {
                "precision": 0.6302521008403361,
                "recall": 0.7142857142857143,
                "f1-score": 0.6696428571428571,
                "support": 105.0
            },
            "relaxed": {
                "precision": 0.5714285714285714,
                "recall": 0.3711340206185567,
                "f1-score": 0.45,
                "support": 97.0
            },
            "sad": {
                "precision": 0.5045045045045045,
                "recall": 0.6021505376344086,
                "f1-score": 0.5490196078431373,
                "support": 93.0
            },
            "accuracy": 0.5892857142857143,
            "macro avg": {
                "precision": 0.5881624558095147,
                "recall": 0.5868410217429173,
                "f1-score": 0.5804309223689476,
                "support": 392.0
            },
            "weighted avg": {
                "precision": 0.5898750807214191,
                "recall": 0.5892857142857143,
                "f1-score": 0.5825720977166376,
                "support": 392.0
            }
        }
    }
}