{
    "embedding_param_ranges": {
        "model_type": [
            "FastText",
            "Word2Vec"
        ],
        "vector_size": [
            200,
            50,
            100,
            300
        ],
        "window": [
            2,
            3,
            5,
            7,
            10
        ],
        "min_count": [
            1,
            10,
            3,
            5
        ]
    },
    "svm_param_ranges": {
        "C": [
            0.1,
            1,
            10,
            100
        ],
        "degree": [
            2,
            3
        ],
        "gamma": [
            0.1,
            1,
            0.01,
            "auto",
            "scale"
        ],
        "kernel": [
            "poly",
            "rbf",
            "linear"
        ]
    },
    "best_word2vec": {
        "embedding_params": {
            "model_type": "Word2Vec",
            "vector_size": 200,
            "window": 10,
            "min_count": 1
        },
        "svm_params": {
            "C": 100,
            "degree": 2,
            "gamma": "scale",
            "kernel": "linear"
        },
        "classification_report": {
            "angry": {
                "precision": 0.872093023255814,
                "recall": 0.8823529411764706,
                "f1-score": 0.8771929824561403,
                "support": 85.0
            },
            "happy": {
                "precision": 0.95,
                "recall": 0.9134615384615384,
                "f1-score": 0.9313725490196079,
                "support": 104.0
            },
            "relaxed": {
                "precision": 0.9117647058823529,
                "recall": 0.93,
                "f1-score": 0.9207920792079208,
                "support": 100.0
            },
            "sad": {
                "precision": 0.9223300970873787,
                "recall": 0.9313725490196079,
                "f1-score": 0.926829268292683,
                "support": 102.0
            },
            "accuracy": 0.9156010230179028,
            "macro avg": {
                "precision": 0.9140469565563863,
                "recall": 0.9142967571644043,
                "f1-score": 0.9140467197440879,
                "support": 391.0
            },
            "weighted avg": {
                "precision": 0.9160666175649413,
                "recall": 0.9156010230179028,
                "f1-score": 0.9157031761980995,
                "support": 391.0
            }
        }
    },
    "best_fasttext": {
        "embedding_params": {
            "model_type": "FastText",
            "vector_size": 200,
            "window": 7,
            "min_count": 5
        },
        "svm_params": {
            "C": 100,
            "degree": 2,
            "gamma": "scale",
            "kernel": "linear"
        },
        "classification_report": {
            "angry": {
                "precision": 0.8314606741573034,
                "recall": 0.8705882352941177,
                "f1-score": 0.8505747126436781,
                "support": 85.0
            },
            "happy": {
                "precision": 0.9583333333333334,
                "recall": 0.8846153846153846,
                "f1-score": 0.92,
                "support": 104.0
            },
            "relaxed": {
                "precision": 0.89,
                "recall": 0.89,
                "f1-score": 0.89,
                "support": 100.0
            },
            "sad": {
                "precision": 0.8773584905660378,
                "recall": 0.9117647058823529,
                "f1-score": 0.8942307692307693,
                "support": 102.0
            },
            "accuracy": 0.8900255754475703,
            "macro avg": {
                "precision": 0.8892881245141686,
                "recall": 0.8892420814479638,
                "f1-score": 0.8887013704686119,
                "support": 391.0
            },
            "weighted avg": {
                "precision": 0.8921518926030009,
                "recall": 0.8900255754475703,
                "f1-score": 0.8905125039290309,
                "support": 391.0
            }
        }
    }
}