{
    "best_params": {
        "C": 10,
        "degree": 2,
        "gamma": "scale",
        "kernel": "linear"
    },
    "classification_report": {
        "angry": {
            "precision": 0.5660377358490566,
            "recall": 0.6185567010309279,
            "f1-score": 0.5911330049261084,
            "support": 97.0
        },
        "happy": {
            "precision": 0.6216216216216216,
            "recall": 0.6571428571428571,
            "f1-score": 0.6388888888888888,
            "support": 105.0
        },
        "relaxed": {
            "precision": 0.5733333333333334,
            "recall": 0.44329896907216493,
            "f1-score": 0.5,
            "support": 97.0
        },
        "sad": {
            "precision": 0.54,
            "recall": 0.5806451612903226,
            "f1-score": 0.5595854922279793,
            "support": 93.0
        },
        "accuracy": 0.576530612244898,
        "macro avg": {
            "precision": 0.5752481727010029,
            "recall": 0.5749109221340681,
            "f1-score": 0.5724018465107441,
            "support": 392.0
        },
        "weighted avg": {
            "precision": 0.5765542448493931,
            "recall": 0.576530612244898,
            "f1-score": 0.573889504051959,
            "support": 392.0
        }
    }
}